{"count":1,"gauges":{},"self":9.4250328,"total":9.6871207999999989,"children":{"AgentSendState":{"count":447,"self":0.2502062,"total":0.25618009999999997,"children":{"CollectObservations":{"count":180,"self":0.0050402,"total":0.0050402,"children":null},"CollectDiscreteActionMasks":{"count":180,"self":0.0009337,"total":0.0009337,"children":null}}},"DecideAction":{"count":447,"self":0.0019766,"total":0.0019766,"children":null},"AgentAct":{"count":447,"self":0.0029067999999999997,"total":0.0029067999999999997,"children":null}}}