{"count":1,"gauges":{},"self":108.1603712,"total":303.38320289999996,"children":{"AgentSendState":{"count":102984,"self":2.8048232,"total":53.0927673,"children":{"CollectObservations":{"count":41194,"self":0.6153447,"total":0.6153447,"children":null},"CollectDiscreteActionMasks":{"count":41194,"self":0.1383779,"total":0.1383779,"children":null},"AgentInfo.ToProto":{"count":41194,"self":1.0859007999999999,"total":49.5342215,"children":{"GenerateSensorData":{"count":41194,"self":48.448319999999995,"total":48.4483207,"children":null}}}}},"DecideAction":{"count":102984,"self":140.372288,"total":140.37228919999998,"children":null},"AgentAct":{"count":102984,"self":1.7547872,"total":1.7547871,"children":null}}}