{"count":1,"gauges":{},"self":80.0300032,"total":83.0326597,"children":{"AgentSendState":{"count":4122,"self":2.9177364,"total":2.9478497,"children":{"CollectObservations":{"count":825,"self":0.0281691,"total":0.0281691,"children":null},"CollectDiscreteActionMasks":{"count":825,"self":0.0019440999999999998,"total":0.0019440999999999998,"children":null}}},"DecideAction":{"count":4122,"self":0.023889,"total":0.023889,"children":null},"AgentAct":{"count":4122,"self":0.0299165,"total":0.0299165,"children":null}}}