{"count":1,"self":223.058176,"total":225.9897164,"children":{"InitializeActuators":{"count":1,"self":0.0020006,"total":0.0020006,"children":null},"InitializeSensors":{"count":1,"self":0.0009953,"total":0.0040000999999999995,"children":{"CreateObservableSensors":{"count":1,"self":0.0030047999999999997,"total":0.0030047999999999997,"children":null}}},"AgentSendState":{"count":11068,"self":0.0738013,"total":0.1624579,"children":{"CollectObservations":{"count":2214,"self":0.0607273,"total":0.0607273,"children":null},"WriteActionMask":{"count":2214,"self":0.0029644999999999997,"total":0.0029644999999999997,"children":null},"RequestDecision":{"count":2214,"self":0.0249648,"total":0.0249648,"children":null}}},"DecideAction":{"count":11068,"self":2.5487767999999997,"total":2.5487769,"children":null},"AgentAct":{"count":11068,"self":0.21131529999999998,"total":0.21131529999999998,"children":null},"CreateObservableSensors":{"count":7,"self":0.0019998999999999998,"total":0.0019998999999999998,"children":null}},"gauges":{},"metadata":{"timer_format_version":"0.1.0","start_time_seconds":"1647335156","unity_version":"2019.4.32f1","command_line_arguments":"C:\\Program Files\\Unity\\Hub\\Editor\\2019.4.32f1\\Editor\\Unity.exe -projectpath C:\/Users\/Masanari\/Documents\/MyFolder\/CardBattle2 -useHub -hubIPC -cloudEnvironment production -hubSessionId 55acbdf0-a417-11ec-a00f-359d2a538c2c","communication_protocol_version":"1.5.0","com.unity.ml-agents_version":"2.1.0-exp.1","scene_name":"Main","end_time_seconds":"1647335382"}}