{"count":1,"gauges":{},"self":2.9377164,"total":3.0276430999999997,"children":{"AgentSendState":{"count":118,"self":0.0849597,"total":0.0879326,"children":{"CollectObservations":{"count":24,"self":0.0029728999999999997,"total":0.0029728999999999997,"children":null},"CollectDiscreteActionMasks":{"count":24,"self":0,"total":0,"children":null}}},"DecideAction":{"count":118,"self":0.00099739999999999985,"total":0.00099739999999999985,"children":null},"AgentAct":{"count":118,"self":0,"total":0,"children":null}}}