{"count":1,"gauges":{},"self":20.5267408,"total":20.996586699999998,"children":{"AgentSendState":{"count":1022,"self":0.4538191,"total":0.46083939999999995,"children":{"CollectObservations":{"count":205,"self":0.0070202999999999993,"total":0.0070202999999999993,"children":null},"CollectDiscreteActionMasks":{"count":205,"self":0,"total":0,"children":null}}},"DecideAction":{"count":1022,"self":0.0039754,"total":0.0039754,"children":null},"AgentAct":{"count":1022,"self":0.0030366,"total":0.0030366,"children":null}}}