{"count":1,"gauges":{},"self":5.409402,"total":5.564697,"children":{"AgentSendState":{"count":245,"self":0.1374567,"total":0.1423851,"children":{"CollectObservations":{"count":98,"self":0.0029265,"total":0.0029265,"children":null},"CollectDiscreteActionMasks":{"count":98,"self":0.0020019,"total":0.0020019,"children":null}}},"DecideAction":{"count":245,"self":0.00099739999999999985,"total":0.00099739999999999985,"children":null},"AgentAct":{"count":245,"self":0.0089449,"total":0.0089449,"children":null}}}