{"count":1,"gauges":{},"self":56.0684288,"total":59.2211174,"children":{"AgentSendState":{"count":2911,"self":2.8035175999999997,"total":2.8144682,"children":{"CollectObservations":{"count":583,"self":0.010950699999999999,"total":0.010950699999999999,"children":null},"CollectDiscreteActionMasks":{"count":583,"self":0,"total":0,"children":null}}},"DecideAction":{"count":2911,"self":0.0120301,"total":0.0120301,"children":null},"AgentAct":{"count":2911,"self":0.3251943,"total":0.3251943,"children":null}}}