{"count":1,"self":782.6860544,"total":4813.9700197,"children":{"InitializeActuators":{"count":2,"self":0.0009999,"total":0.0009999,"children":null},"InitializeSensors":{"count":2,"self":0.0020001,"total":0.0060005,"children":{"CreateObservableSensors":{"count":2,"self":0.0040003999999999994,"total":0.0040003999999999994,"children":null}}},"AgentSendState":{"count":2505017,"self":10.1044928,"total":63.8675265,"children":{"CollectObservations":{"count":1002014,"self":17.447582399999998,"total":17.4475818,"children":null},"WriteActionMask":{"count":1002014,"self":1.276706,"total":1.276706,"children":null},"RequestDecision":{"count":1002014,"self":6.7588696,"total":35.038745899999995,"children":{"AgentInfo.ToProto":{"count":1002014,"self":5.1674815999999995,"total":28.2798765,"children":{"GenerateSensorData":{"count":1002014,"self":23.112395199999998,"total":23.1123948,"children":null}}}}}}},"DecideAction":{"count":2505017,"self":3949.0777088,"total":3949.0779012999997,"children":null},"AgentAct":{"count":2505017,"self":18.328508799999998,"total":18.328508499999998,"children":null}},"gauges":{},"metadata":{"timer_format_version":"0.1.0","start_time_seconds":"1647327646","unity_version":"2019.4.32f1","command_line_arguments":"C:\\Program Files\\Unity\\Hub\\Editor\\2019.4.32f1\\Editor\\Unity.exe -projectpath C:\/Users\/Masanari\/Documents\/MyFolder\/CardBattle2 -useHub -hubIPC -cloudEnvironment production -hubSessionId 55acbdf0-a417-11ec-a00f-359d2a538c2c","communication_protocol_version":"1.5.0","com.unity.ml-agents_version":"2.1.0-exp.1","scene_name":"Main_train","end_time_seconds":"1647332460"}}