{"count":1,"gauges":{},"self":8.4535464,"total":10.023092,"children":{"AgentSendState":{"count":440,"self":0.011568199999999999,"total":0.0490561,"children":{"CollectObservations":{"count":176,"self":0.0056871,"total":0.0056871,"children":null},"CollectDiscreteActionMasks":{"count":176,"self":0.0010115,"total":0.0010115,"children":null},"AgentInfo.ToProto":{"count":176,"self":0.0038808,"total":0.0307893,"children":{"GenerateSensorData":{"count":176,"self":0.0269085,"total":0.0269085,"children":null}}}}},"DecideAction":{"count":440,"self":1.4821427999999999,"total":1.4821427999999999,"children":null},"AgentAct":{"count":440,"self":0.0363535,"total":0.0363535,"children":null}}}