{"count":1,"gauges":{},"self":269.44256,"total":327.6439053,"children":{"AgentSendState":{"count":12543,"self":0.11050309999999999,"total":0.8169681,"children":{"CollectObservations":{"count":5018,"self":0.036113599999999996,"total":0.036113599999999996,"children":null},"CollectDiscreteActionMasks":{"count":5018,"self":0.0049946999999999995,"total":0.0049946999999999995,"children":null},"AgentInfo.ToProto":{"count":5018,"self":0.0659308,"total":0.6653567,"children":{"GenerateSensorData":{"count":5018,"self":0.5994259,"total":0.5994259,"children":null}}}}},"DecideAction":{"count":12543,"self":57.093824,"total":57.093822599999996,"children":null},"AgentAct":{"count":12543,"self":0.2885482,"total":0.2885482,"children":null}}}