{"count":1,"gauges":{},"self":67.485529599999992,"total":77.4995483,"children":{"AgentSendState":{"count":3839,"self":0.064827799999999991,"total":0.38212619999999997,"children":{"CollectObservations":{"count":1536,"self":0.019084,"total":0.019084,"children":null},"CollectDiscreteActionMasks":{"count":1536,"self":0.003002,"total":0.003002,"children":null},"AgentInfo.ToProto":{"count":1536,"self":0.0322241,"total":0.2952124,"children":{"GenerateSensorData":{"count":1536,"self":0.2629883,"total":0.2629883,"children":null}}}}},"DecideAction":{"count":3839,"self":9.4406416,"total":9.4406413,"children":null},"AgentAct":{"count":3839,"self":0.18925799999999998,"total":0.18925799999999998,"children":null}}}