{"count":1,"gauges":{},"self":112.7088,"total":162.8048466,"children":{"AgentSendState":{"count":7502,"self":0.0739802,"total":0.5337367,"children":{"CollectObservations":{"count":3002,"self":0.028020999999999997,"total":0.028020999999999997,"children":null},"CollectDiscreteActionMasks":{"count":3002,"self":0.0079569999999999988,"total":0.0079569999999999988,"children":null},"AgentInfo.ToProto":{"count":3002,"self":0.030758499999999998,"total":0.4237785,"children":{"GenerateSensorData":{"count":3002,"self":0.39302,"total":0.39302,"children":null}}}}},"DecideAction":{"count":7502,"self":49.3917824,"total":49.391781099999996,"children":null},"AgentAct":{"count":7502,"self":0.1685313,"total":0.1685313,"children":null}}}