{"count":1,"self":6203.5656703999994,"total":7309.4739827999992,"children":{"InitializeSensors":{"count":2,"self":0.0009973,"total":0.012965299999999999,"children":{"CreateObservableSensors":{"count":2,"self":0.011968,"total":0.011968,"children":null}}},"AgentSendState":{"count":365416,"self":0.17550939999999998,"total":1.1520891,"children":{"CollectObservations":{"count":146168,"self":0.22131989999999999,"total":0.22131989999999999,"children":null},"CollectDiscreteActionMasks":{"count":146168,"self":0.0049036,"total":0.0049036,"children":null},"AgentInfo.ToProto":{"count":146168,"self":0.23033119999999999,"total":0.75035619999999992,"children":{"GenerateSensorData":{"count":146168,"self":0.520025,"total":0.520025,"children":null}}}}},"DecideAction":{"count":365416,"self":1103.1530496,"total":1103.1530389,"children":null},"AgentAct":{"count":365416,"self":1.5882089,"total":1.5882089,"children":null}},"gauges":{},"metadata":{"timer_format_version":"0.1.0","start_time_seconds":"1593395310","unity_version":"2019.3.15f1","command_line_arguments":"C:\\Users\\Masanari\\Documents\\MyFolder\\CardBattle2\\CardBattle\\CardBattle.exe --mlagents-port 5005","communication_protocol_version":"1.0.0","com.unity.ml-agents_version":"1.1.0-preview","scene_name":"Main_train","end_time_seconds":"1593402620"}}