{"count":1,"gauges":{},"self":46.789248,"total":71.9679735,"children":{"AgentSendState":{"count":3546,"self":0.0311199,"total":0.2095303,"children":{"CollectObservations":{"count":1420,"self":0.013874399999999999,"total":0.013874399999999999,"children":null},"CollectDiscreteActionMasks":{"count":1420,"self":0,"total":0,"children":null},"AgentInfo.ToProto":{"count":1420,"self":0.025933499999999998,"total":0.164536,"children":{"GenerateSensorData":{"count":1420,"self":0.1386025,"total":0.1386025,"children":null}}}}},"DecideAction":{"count":3546,"self":24.8624592,"total":24.862458699999998,"children":null},"AgentAct":{"count":3546,"self":0.10374209999999999,"total":0.10374209999999999,"children":null}}}