{"count":1,"gauges":{},"self":532.1385472,"total":875.7766328,"children":{"AgentSendState":{"count":43649,"self":0.7797835,"total":4.9154368,"children":{"CollectObservations":{"count":17460,"self":0.281334,"total":0.281334,"children":null},"CollectDiscreteActionMasks":{"count":17460,"self":0.0358896,"total":0.0358896,"children":null},"AgentInfo.ToProto":{"count":17460,"self":0.3323701,"total":3.8184297,"children":{"GenerateSensorData":{"count":17460,"self":3.4860596,"total":3.4860596,"children":null}}}}},"DecideAction":{"count":43649,"self":336.827392,"total":336.8274017,"children":null},"AgentAct":{"count":43649,"self":1.8922628,"total":1.8922629,"children":null}}}