{"count":1,"gauges":{},"self":372.5542144,"total":600.83851129999994,"children":{"AgentSendState":{"count":30006,"self":0.43398549999999997,"total":3.3141545999999997,"children":{"CollectObservations":{"count":12004,"self":0.1756361,"total":0.1756361,"children":null},"CollectDiscreteActionMasks":{"count":12004,"self":0.020140699999999997,"total":0.020140699999999997,"children":null},"AgentInfo.ToProto":{"count":12004,"self":0.2547725,"total":2.6843923,"children":{"GenerateSensorData":{"count":12004,"self":2.4296197999999998,"total":2.4296197999999998,"children":null}}}}},"DecideAction":{"count":30006,"self":223.8737664,"total":223.8737607,"children":null},"AgentAct":{"count":30006,"self":1.0934139,"total":1.0934139,"children":null}}}