{"count":1,"gauges":{},"self":19.913908799999998,"total":23.2012425,"children":{"AgentSendState":{"count":1118,"self":0.0219445,"total":0.11190879999999999,"children":{"CollectObservations":{"count":448,"self":0.0059482,"total":0.0059482,"children":null},"CollectDiscreteActionMasks":{"count":448,"self":0,"total":0,"children":null},"AgentInfo.ToProto":{"count":448,"self":0.0100124,"total":0.0840161,"children":{"GenerateSensorData":{"count":448,"self":0.074003699999999992,"total":0.074003699999999992,"children":null}}}}},"DecideAction":{"count":1118,"self":3.1123376,"total":3.1123376,"children":null},"AgentAct":{"count":1118,"self":0.0610926,"total":0.0610926,"children":null}}}