{"count":1,"gauges":{},"self":1.839486,"total":1.9942316999999998,"children":{"AgentSendState":{"count":62,"self":0.0078062999999999995,"total":0.0220576,"children":{"CollectObservations":{"count":26,"self":0.0030195,"total":0.0030195,"children":null},"CollectDiscreteActionMasks":{"count":26,"self":0,"total":0,"children":null},"AgentInfo.ToProto":{"count":26,"self":0.0010031,"total":0.0112318,"children":{"GenerateSensorData":{"count":26,"self":0.0102287,"total":0.0102287,"children":null}}}}},"DecideAction":{"count":62,"self":0.1256928,"total":0.1256928,"children":null},"AgentAct":{"count":62,"self":0.0040019999999999995,"total":0.0040019999999999995,"children":null}}}