{"count":1,"gauges":{},"self":18.445811199999998,"total":22.387199499999998,"children":{"AgentSendState":{"count":122,"self":0.0293905,"total":0.046383299999999995,"children":{"CollectObservations":{"count":50,"self":0.00099509999999999985,"total":0.00099509999999999985,"children":null},"CollectDiscreteActionMasks":{"count":50,"self":0,"total":0,"children":null},"AgentInfo.ToProto":{"count":50,"self":0.0019917,"total":0.0159977,"children":{"GenerateSensorData":{"count":50,"self":0.014006,"total":0.014006,"children":null}}}}},"DecideAction":{"count":122,"self":3.8651136,"total":3.8651134,"children":null},"AgentAct":{"count":122,"self":0.0269044,"total":0.0269044,"children":null}}}